FAM_CODE,FAM_LIBELLE
"AA","Antalgiques en association"
"AAA","Antalgiques antipyrétiques en association"
"AAC","Antidépresseur d'action centrale"
"AAH","Antivertigineux antihistaminique H1"
"ABA","Antibiotique antituberculeux"
"ABC","Antibiotique antiacnéique local"
"ABP","Antibiotique de la famille des béta-lactamines (pénicilline A)"
"AFC","Antibiotique de la famille des cyclines"
"AFM","Antibiotique de la famille des macrolides"
"AH","Antihistaminique H1 local"
"AIM","Antidépresseur imipraminique (tricyclique)"
"AIN","Antidépresseur inhibiteur sélectif de la recapture de la sérotonine"
"ALO","Antibiotique local (ORL)"
"ANS","Antidépresseur IMAO non sélectif"
"AO","Antibiotique ophtalmique"
"AP","Antipsychotique normothymique"
"AUM","Antibiotique urinaire minute"
"CRT","Corticoïde, antibiotique et antifongique à  usage local"
"HYP","Hypnotique antihistaminique"
"PSA","Psychostimulant, antiasthénique"
