PRA_NUM,PRA_NOM,PRA_PRENOM,PRA_ADRESSE,PRA_CP,PRA_VILLE,PRA_COEFNOTORIETE,TYP_CODE
1,"Notini","Alain","114 r Authie","85000","LA ROCHE SUR YON",2.90029999e+02,"MH"
2,"Gosselin","Albert","13 r Devon","41000","BLOIS",3.07489990e+02,"MV"
3,"Delahaye","André","36 av 6 Juin","25000","BESANCON",1.85789993e+02,"PS"
4,"Leroux","André","47 av Robert Schuman","60000","BEAUVAIS",1.72039993e+02,"PH"
5,"Desmoulins","Anne","31 r St Jean","30000","NIMES",9.47500000e+01,"PO"
6,"Mouel","Anne","27 r Auvergne","80000","AMIENS",4.52000008e+01,"MH"
7,"Desgranges-Lentz","Antoine","1 r Albert de Mun","29000","MORLAIX",2.00699997e+01,"MV"
8,"Marcouiller","Arnaud","31 r St Jean","68000","MULHOUSE",3.96519989e+02,"PS"
9,"Dupuy","Benoit","9 r Demolombe","34000","MONTPELLIER",3.95660004e+02,"PH"
10,"Lerat","Bernard","31 r St Jean","59000","LILLE",2.57790009e+02,"PO"
11,"Marçais-Lefebvre","Bertrand","86Bis r Basse","67000","STRASBOURG",4.50959991e+02,"MH"
12,"Boscher","Bruno","94 r Falaise","10000","TROYES",3.56140015e+02,"MV"
13,"Morel","Catherine","21 r Chateaubriand","75000","PARIS",3.79570007e+02,"PS"
14,"Guivarch","Chantal","4 av Gén Laperrine","45000","ORLEANS",1.14559998e+02,"PH"
15,"Bessin-Grosdoit","Christophe","92 r Falaise","6000","NICE",2.22059998e+02,"PO"
16,"Rossa","Claire","14 av Thiès","6000","NICE",5.29780029e+02,"MH"
17,"Cauchy","Denis","5 av Ste Thérèse","11000","NARBONNE",4.58820007e+02,"MV"
18,"Gaffé","Dominique","9 av 1ère Armée Française","35000","RENNES",2.13399994e+02,"PS"
19,"Guenon","Dominique","98 bd Mar Lyautey","44000","NANTES",1.75889999e+02,"PH"
20,"Prévot","Dominique","29 r Lucien Nelle","87000","LIMOGES",1.51360001e+02,"PO"
21,"Houchard","Eliane","9 r Demolombe","49100","ANGERS",4.36959991e+02,"MH"
22,"Desmons","Elisabeth","51 r Bernières","29000","QUIMPER",2.81170013e+02,"MV"
23,"Flament","Elisabeth","11 r Pasteur","35000","RENNES",3.15600006e+02,"PS"
24,"Goussard","Emmanuel","9 r Demolombe","41000","BLOIS",4.07200012e+01,"PH"
25,"Desprez","Eric","9 r Vaucelles","33000","BORDEAUX",4.06850006e+02,"PO"
26,"Coste","Evelyne","29 r Lucien Nelle","19000","TULLE",4.41869995e+02,"MH"
27,"Lefebvre","Frédéric","2 pl Wurzburg","55000","VERDUN",5.73630005e+02,"MV"
28,"Lemée","Frédéric","29 av 6 Juin","56000","VANNES",3.26399994e+02,"PS"
29,"Martin","Frédéric","Bât A 90 r Bayeux","70000","VESOUL",5.06059998e+02,"PH"
30,"Marie","Frédérique","172 r Caponière","70000","VESOUL",3.13309998e+02,"PO"
31,"Rosenstech","Geneviève","27 r Auvergne","75000","PARIS",3.66820007e+02,"MH"
32,"Pontavice","Ghislaine","8 r Gaillon","86000","POITIERS",2.65579987e+02,"MV"
33,"Leveneur-Mosquet","Guillaume","47 av Robert Schuman","64000","PAU",1.84970001e+02,"PS"
34,"Blanchais","Guy","30 r Authie","8000","SEDAN",5.02480011e+02,"PH"
35,"Leveneur","Hugues","7 pl St Gilles","62000","ARRAS",7.38999987e+00,"PO"
36,"Mosquet","Isabelle","22 r Jules Verne","76000","ROUEN",7.70999985e+01,"MH"
37,"Giraudon","Jean-Christophe","1 r Albert de Mun","38100","VIENNE",9.26200027e+01,"MV"
38,"Marie","Jean-Claude","26 r Hérouville","69000","LYON",1.20099998e+02,"PS"
39,"Maury","Jean-François","5 r Pierre Girard","71000","CHALON SUR SAONE",1.37299995e+01,"PH"
40,"Dennel","Jean-Louis","7 pl St Gilles","28000","CHARTRES",5.50690002e+02,"PO"
41,"Ain","Jean-Pierre","4 résid Olympia","2000","LAON",5.59000015e+00,"MH"
42,"Chemery","Jean-Pierre","51 pl Ancienne Boucherie","14000","CAEN",3.96579987e+02,"MV"
43,"Comoz","Jean-Pierre","35 r Auguste Lechesne","18000","BOURGES",3.40350006e+02,"PS"
44,"Desfaudais","Jean-Pierre","7 pl St Gilles","29000","BREST",7.17600021e+01,"PH"
45,"Phan","JérÃ´me","9 r Clos Caillet","79000","NIORT",4.51609985e+02,"PO"
46,"Riou","Line","43 bd Gén Vanier","77000","MARNE LA VALLEE",1.93250000e+02,"MH"
47,"Chubilleau","Louis","46 r Eglise","17000","SAINTES",2.02070007e+02,"MV"
48,"Lebrun","Lucette","178 r Auge","54000","NANCY",4.10410004e+02,"PS"
49,"Goessens","Marc","6 av 6 Juin","39000","DOLE",5.48570007e+02,"PH"
50,"Laforge","Marc","5 résid Prairie","50000","SAINT LO",2.65049988e+02,"PO"
51,"Millereau","Marc","36 av 6 Juin","72000","LA FERTE BERNARD",4.30420013e+02,"MH"
52,"Dauverne","Marie-Christine","69 av Charlemagne","21000","DIJON",2.81049988e+02,"MV"
53,"Vittorio","Myriam","3 pl Champlain","94000","BOISSY SAINT LEGER",3.56230011e+02,"PS"
54,"Lapasset","Nhieu","31 av 6 Juin","52000","CHAUMONT",1.07000000e+02,"PH"
55,"Plantet-Besnier","Nicole","10 av 1ère Armée Française","86000","CHATELLEREAULT",3.69940002e+02,"PO"
56,"Chubilleau","Pascal","3 r Hastings","15000","AURRILLAC",2.90750000e+02,"MH"
57,"Robert","Pascal","31 r St Jean","93000","BOBIGNY",1.62410004e+02,"MV"
58,"Jean","Pascale","114 r Authie","49100","SAUMUR",3.75519989e+02,"PS"
59,"Chanteloube","Patrice","14 av Thiès","13000","MARSEILLE",4.78010010e+02,"PH"
60,"Lecuirot","Patrice","résid St Pères 55 r Pigacière","54000","NANCY",2.39660004e+02,"PO"
61,"Gandon","Patrick","47 av Robert Schuman","37000","TOURS",5.99059998e+02,"MH"
62,"Mirouf","Patrick","22 r Puits Picard","74000","ANNECY",4.58420013e+02,"MV"
63,"Boireaux","Philippe","14 av Thiès","10000","CHALON EN CHAMPAGNE",4.54480011e+02,"PS"
64,"Cendrier","Philippe","7 pl St Gilles","12000","RODEZ",1.64160004e+02,"PH"
65,"Duhamel","Philippe","114 r Authie","34000","MONTPELLIER",9.86200027e+01,"PO"
66,"Grigy","Philippe","15 r Mélingue","44000","CLISSON",2.85100006e+02,"MH"
67,"Linard","Philippe","1 r Albert de Mun","81000","ALBI",4.86299988e+02,"MV"
68,"Lozier","Philippe","8 r Gaillon","31000","TOULOUSE",4.84000015e+01,"PS"
69,"Dechâtre","Pierre","63 av Thiès","23000","MONTLUCON",2.53750000e+02,"PH"
70,"Goessens","Pierre","22 r Jean Romain","40000","MONT DE MARSAN",4.26190002e+02,"PO"
71,"Leménager","Pierre","39 av 6 Juin","57000","METZ",1.18699997e+02,"MH"
72,"Née","Pierre","39 av 6 Juin","82000","MONTAUBAN",7.25400009e+01,"MV"
73,"Guyot","Pierre-Laurent","43 bd Gén Vanier","48000","MENDE",3.52309998e+02,"PS"
74,"Chauchard","Roger","9 r Vaucelles","13000","MARSEILLE",5.52190002e+02,"PH"
75,"Mabire","Roland","11 r Boutiques","67000","STRASBOURG",4.22390015e+02,"PO"
76,"Leroy","Soazig","45 r Boutiques","61000","ALENCON",5.70669983e+02,"MH"
77,"Guyot","Stéphane","26 r Hérouville","46000","FIGEAC",2.88500004e+01,"MV"
78,"Delposen","Sylvain","39 av 6 Juin","27000","DREUX",2.92010010e+02,"PS"
79,"Rault","Sylvie","15 bd Richemond","2000","SOISSON",5.26599976e+02,"PH"
80,"Renouf","Sylvie","98 bd Mar Lyautey","88000","EPINAL",4.25239990e+02,"PO"
81,"Alliet-Grach","Thierry","14 av Thiès","7000","PRIVAS",4.51309998e+02,"MH"
82,"Bayard","Thierry","92 r Falaise","42000","SAINT ETIENNE",2.71709991e+02,"MV"
83,"Gauchet","Thierry","7 r Desmoueux","38100","GRENOBLE",4.06100006e+02,"PS"
84,"Bobichon","Tristan","219 r Caponière","9000","FOIX",2.18360001e+02,"PH"
85,"Duchemin-Laniel","Véronique","130 r St Jean","33000","LIBOURNE",2.65609985e+02,"PO"
86,"Laurent","Younès","34 r Demolombe","53000","MAYENNE",4.96100006e+02,"MH"
