REG_CODE,SEC_CODE,REG_NOM
"AL","E","Alsace Lorraine"
"AQ","S","Aquitaine"
"AU","P","Auvergne"
"BG","O","Bretagne"
"BN","O","Basse Normandie"
"BO","E","Bourgogne"
"CA","N","Champagne Ardennes"
"CE","P","Centre"
"FC","E","Franche Comté"
"HN","N","Haute Normandie"
"IF","P","Ile de France"
"LG","S","Languedoc"
"LI","P","Limousin"
"MP","S","Midi Pyrénée"
"NP","N","Nord Pas de Calais"
"PA","S","Provence Alpes Cote d'Azur"
"PC","O","Poitou Charente"
"PI","N","Picardie"
"PL","O","Pays de Loire"
"RA","E","Rhone Alpes"
"RO","S","Roussilon"
"VD","O","Vendée"
