SPE_CODE,SPE_LIBELLE
"ACP","anatomie et cytologie pathologiques"
"AMV","angéiologie, médecine vasculaire"
"ARC","anesthésiologie et réanimation chirurgicale"
"BM","biologie médicale"
"CAC","cardiologie et affections cardio-vasculaires"
"CCT","chirurgie cardio-vasculaire et thoracique"
"CG","chirurgie générale"
"CMF","chirurgie maxillo-faciale"
"COM","cancérologie, oncologie médicale"
"COT","chirurgie orthopédique et traumatologie"
"CPR","chirurgie plastique reconstructrice et esthétique"
"CU","chirurgie urologique"
"CV","chirurgie vasculaire"
"DN","diabétologie-nutrition, nutrition"
"DV","dermatologie et vénéréologie"
"EM","endocrinologie et métabolismes"
"ETD","évaluation et traitement de la douleur"
"GEH","gastro-entérologie et hépatologie (appareil digestif)"
"GMO","gynécologie médicale, obstétrique"
"GO","gynécologie-obstétrique"
"HEM","maladies du sang (hématologie)"
"MBS","médecine et biologie du sport"
"MDT","médecine du travail"
"MMO","médecine manuelle - ostéopathie"
"MN","médecine nucléaire"
"MPR","médecine physique et de réadaptation"
"MTR","médecine tropicale, pathologie infectieuse et tropicale"
"NEP","néphrologie"
"NRC","neurochirurgie"
"NRL","neurologie"
"ODM","orthopédie dento maxillo-faciale"
"OPH","ophtalmologie"
"ORL","oto-rhino-laryngologie"
"PEA","psychiatrie de l'enfant et de l'adolescent"
"PME","pédiatrie maladies des enfants"
"PNM","pneumologie"
"PSC","psychiatrie"
"RAD","radiologie (radiodiagnostic et imagerie médicale)"
"RDT","radiothérapie (oncologie option radiothérapie)"
"RGM","reproduction et gynécologie médicale"
"RHU","rhumatologie"
"STO","stomatologie"
"SXL","sexologie"
"TXA","toxicomanie et alcoologie"
