VIS_MATRICULE,VIS_NOM,Vis_PRENOM,VIS_ADRESSE,VIS_CP,VIS_VILLE,VIS_DATEEMBAUCHE,SEC_CODE,LAB_CODE
"a131","Villechalane","Louis","8 cours Lafontaine","29000","BREST","12/11/92 00:00:00",,"SW"
"a17","Andre","David","1 r Aimon de Chissée","38100","GRENOBLE","08/26/91 00:00:00",,"GY"
"a55","Bedos","Christian","1 r Bénédictins","65000","TARBES","07/17/87 00:00:00",,"GY"
"a93","Tusseau","Louis","22 r Renou","86000","POITIERS","01/02/99 00:00:00",,"SW"
"b13","Bentot","Pascal","11 av 6 Juin","67000","STRASBOURG","03/11/96 00:00:00",,"GY"
"b16","Bioret","Luc","1 r Linne","35000","RENNES","03/21/97 00:00:00",,"SW"
"b19","Bunisset","Francis","10 r Nicolas Chorier","85000","LA ROCHE SUR YON","01/31/99 00:00:00",,"GY"
"b25","Bunisset","Denise","1 r Lionne","49100","ANGERS","07/03/94 00:00:00",,"SW"
"b28","Cacheux","Bernard","114 r Authie","34000","MONTPELLIER","08/02/00 00:00:00",,"GY"
"b34","Cadic","Eric","123 r Caponière","41000","BLOIS","12/06/93 00:00:00","P","SW"
"b4","Charoze","Catherine","100 pl Géants","33000","BORDEAUX","09/25/97 00:00:00",,"SW"
"b50","Clepkens","Christophe","12 r Fédérico Garcia Lorca","13000","MARSEILLE","01/18/98 00:00:00",,"SW"
"b59","Cottin","Vincenne","36 sq Capucins","5000","GAP","10/21/95 00:00:00",,"GY"
"c14","Daburon","François","13 r Champs Elysées","6000","NICE","02/01/89 00:00:00","S","SW"
"c3","De","Philippe","13 r Charles Peguy","10000","TROYES","05/05/92 00:00:00",,"SW"
"c54","Debelle","Michel","181 r Caponière","88000","EPINAL","04/09/91 00:00:00",,"SW"
"d13","Debelle","Jeanne","134 r Stalingrad","44000","NANTES","12/05/91 00:00:00",,"SW"
"d51","Debroise","Michel","2 av 6 Juin","70000","VESOUL","11/18/97 00:00:00","E","GY"
"e22","Desmarquest","Nathalie","14 r Fédérico Garcia Lorca","54000","NANCY","03/24/89 00:00:00",,"GY"
"e24","Desnost","Pierre","16 r Barral de Montferrat","55000","VERDUN","05/17/93 00:00:00","E","SW"
"e39","Dudouit","Frédéric","18 quai Xavier Jouvin","75000","PARIS","04/26/88 00:00:00",,"GY"
"e49","Duncombe","Claude","19 av Alsace Lorraine","9000","FOIX","02/19/96 00:00:00",,"GY"
"e5","Enault-Pascreau","Céline","25B r Stalingrad","40000","MONT DE MARSAN","11/27/90 00:00:00","S","GY"
"e52","Eynde","Valérie","3 r Henri Moissan","76000","ROUEN","10/31/91 00:00:00",,"GY"
"f21","Finck","Jacques","rte Montreuil Bellay","74000","ANNECY","06/08/93 00:00:00",,"SW"
"f39","Frémont","Fernande","4 r Jean Giono","69000","LYON","02/15/97 00:00:00",,"GY"
"f4","Gest","Alain","30 r Authie","46000","FIGEAC","05/03/94 00:00:00",,"GY"
"g19","Gheysen","Galassus","32 bd Mar Foch","75000","PARIS","01/18/96 00:00:00",,"SW"
"g30","Girard","Yvon","31 av 6 Juin","80000","AMIENS","03/27/99 00:00:00","N","GY"
"g53","Gombert","Luc","32 r Emile Gueymard","56000","VANNES","10/02/85 00:00:00",,"GY"
"g7","Guindon","Caroline","40 r Mar Montgomery","87000","LIMOGES","01/13/96 00:00:00",,"GY"
"h13","Guindon","François","44 r Picotière","19000","TULLE","05/08/93 00:00:00",,"SW"
"h30","Igigabel","Guy","33 gal Arlequin","94000","CRETEIL","04/26/98 00:00:00",,"SW"
"h35","Jourdren","Pierre","34 av Jean Perrot","15000","AURRILLAC","08/26/93 00:00:00",,"GY"
"h40","Juttard","Pierre-Raoul","34 cours Jean Jaurès","8000","SEDAN","11/01/92 00:00:00",,"GY"
"j45","Labouré-Morel","Saout","38 cours Berriat","52000","CHAUMONT","02/25/98 00:00:00","N","SW"
"j50","Landré","Philippe","4 av Gén Laperrine","59000","LILLE","12/16/92 00:00:00",,"GY"
"j8","Langeard","Hugues","39 av Jean Perrot","93000","BAGNOLET","06/18/98 00:00:00","P","GY"
"k4","Lanne","Bernard","4 r Bayeux","30000","NIMES","11/21/96 00:00:00",,"SW"
"k53","Le","Noël","4 av Beauvert","68000","MULHOUSE","03/23/83 00:00:00",,"SW"
"l14","Le","Jean","39 r Raspail","53000","LAVAL","02/02/95 00:00:00",,"SW"
"l23","Leclercq","Servane","11 r Quinconce","18000","BOURGES","06/05/95 00:00:00",,"SW"
"l46","Lecornu","Jean-Bernard","4 bd Mar Foch","72000","LA FERTE BERNARD","01/24/97 00:00:00",,"GY"
"l56","Lecornu","Ludovic","4 r Abel Servien","25000","BESANCON","02/27/96 00:00:00",,"SW"
"m35","Lejard","Agnès","4 r Anthoard","82000","MONTAUBAN","10/06/87 00:00:00",,"SW"
"m45","Lesaulnier","Pascal","47 r Thiers","57000","METZ","10/13/90 00:00:00",,"SW"
"n42","Letessier","Stéphane","5 chem Capuche","27000","EVREUX","03/06/96 00:00:00",,"GY"
"n58","Loirat","Didier","Les Pêchers cité Bourg la Croix","45000","ORLEANS","08/30/92 00:00:00",,"GY"
"n59","Maffezzoli","Thibaud","5 r Chateaubriand","2000","LAON","12/19/94 00:00:00",,"SW"
"o26","Mancini","Anne","5 r D'Agier","48000","MENDE","01/05/95 00:00:00",,"GY"
"p32","Marcouiller","Gérard","7 pl St Gilles","91000","ISSY LES MOULINEAUX","12/24/92 00:00:00",,"GY"
"p40","Michel","Jean-Claude","5 r Gabriel Péri","61000","FLERS","12/14/92 00:00:00","O","SW"
"p41","Montecot","Françoise","6 r Paul Valéry","17000","SAINTES","07/27/98 00:00:00",,"GY"
"p42","Notini","Veronique","5 r Lieut Chabal","60000","BEAUVAIS","12/12/94 00:00:00",,"SW"
"p49","Onfroy","Den","5 r Sidonie Jacolin","37000","TOURS","10/03/77 00:00:00",,"GY"
"p6","Pascreau","Charles","57 bd Mar Foch","64000","PAU","03/30/97 00:00:00",,"SW"
"p7","Pernot","Claude-Noël","6 r Alexandre 1 de Yougoslavie","11000","NARBONNE","03/01/90 00:00:00",,"SW"
"p8","Perrier","Maître","6 r Aubert Dubayet","71000","CHALON SUR SAONE","06/23/91 00:00:00",,"GY"
"q17","Petit","Jean-Louis","7 r Ernest Renan","50000","SAINT LO","09/06/97 00:00:00",,"GY"
"r24","Piquery","Patrick","9 r Vaucelles","14000","CAEN","07/29/84 00:00:00","O","GY"
"r58","Quiquandon","Joël","7 r Ernest Renan","29000","QUIMPER","06/30/90 00:00:00",,"GY"
"s10","Retailleau","Josselin","88Bis r Saumuroise","39000","DOLE","11/14/95 00:00:00",,"SW"
"s21","Retailleau","Pascal","32 bd Ayrault","23000","MONTLUCON","09/25/92 00:00:00",,"SW"
"t43","Souron","Maryse","7B r Gay Lussac","21000","DIJON","03/09/95 00:00:00",,"SW"
"t47","Tiphagne","Patrick","7B r Gay Lussac","62000","ARRAS","08/29/97 00:00:00",,"SW"
"t55","Tréhet","Alain","7D chem Barral","12000","RODEZ","11/29/94 00:00:00",,"SW"
"t60","Tusseau","Josselin","63 r Bon Repos","28000","CHARTRES","03/29/91 00:00:00",,"GY"
"zzz","swiss","bourdin",,,,"06/18/03 00:00:00",,"BC"
